employee_id,employee_name,department_id,salary
124, 'Emilia Scott',1,184000
125, 'Maximus Reed',2,185000
126, 'Delilah Martinez',3,186000
127, 'Kingston Green',4,187000
128, 'Amara Sanders',5,188000
129, 'Kaiden Garcia',4,189000
130, 'Raegan Murphy',5,190000
131, 'Jasper Kelly',6,191000
132, 'Eliza Richardson',6,192000
133, 'Zane Mitchell',7,193000
134, 'Luna Swift',7,194000
135, 'Elijah Ward',8,195000
136, 'Sadie Ramos',8,196000
137, 'Jaxson Thompson',8,197000
138, 'Isla Simmons',9,198000
139, 'Greyson Watson',9,199000
140, 'Nova Reed',10,200000
141, 'Emerson Myers',10,201000
142, 'Everleigh Carter',11,202000
143, 'Bennett Hughes',11,203000
144, 'Genevieve Griffin',12,204000
145, 'Knox Rivera',12,205000
146, 'Mabel Chavez',13,206000
147, 'Karter Price',13,207000
148, 'Sawyer Shaw',14,208000
149, 'Rylie Martin',14,209000
150, 'Rhett Henderson',15,210000
151, 'Elaina Wallace',15,211000
152, 'Paxton Atkins',16,212000
153, 'Athena Ortiz',16,213000
154, 'Oakley Wood',17,214000
155, 'Daxton Murray',17,215000
156, 'Willa Ford',18,216000
157, 'Tucker Warren',18,217000
158, 'Remington Taylor',19,218000
159, 'Gemma Porter',19,219000
160, 'Reese West',20,220000
161, 'Hattie Foster',20,221000
162, 'Waylon Sullivan',1,222000
163, 'Brinley Powell',2,223000
164, 'Ace Bishop',3,224000
165, 'Alani Hogan',1,225000
166, 'Jadiel Lin',2,226000
167, 'Armani Blake',3,227000
168, 'Zariyah Henson',4,228000
169, 'Yehuda Salazar',5,229000
170, 'Thaddeus Bass',4,230000
171, 'Holly Cervantes',5,231000
172, 'Kolby Strong',6,232000
173, 'Baylor Mccarty',6,233000
174, 'Zyaire Roman',7,234000
175, 'Laylah Casey',7,235000
176, 'Jamir Barnes',8,236000
177, 'Zaylee Small',8,237000
178, 'Jovanni Wilkinson',9,238000
179, 'Alora Drake',9,239000
180, 'Kamila Hardy',10,240000
181, 'Rayne Munoz',10,241000
182, 'Malakai Stevens',11,242000
183, 'Hadleigh Hays',11,243000
184, 'Bridger Livingston',12,244000
185, 'Emani Cantu',12,245000
186, 'Yosef Kramer',13,246000
187, 'Bexley Soto',13,247000
188, 'Oaklyn Hoover',14,248000
189, 'Aayansh Johnston',14,249000
190, 'Kinsey Preston',15,250000
191, 'Thalia Barr',15,251000
192, 'Zachariah Vang',16,252000
193, 'Elora Marquez',16,253000
194, 'Keagan Grayson',17,254000
195, 'Chana Pugh',17,255000
196, 'Emory Church',18,256000
197, 'Kymani Suarez',18,257000
198, 'Salem Hurley',19,258000
199, 'Charlize Tyler',19,259000
200, 'Westin Chang',20,260000
